Series_Title,Released_Year,Certificate,Runtime,Genre,IMDB_Rating,Meta_score,Director,Star1,Star2,Star3,Star4,No_of_Votes,Gross
The Shawshank Redemption,1994,A,142 min,Drama,9.3,80,Frank Darabont,Tim Robbins,Morgan Freeman,Bob Gunton,William Sadler,2343110,"28,341,469"
The Godfather,1972,A,175 min,"Crime, Drama",9.2,100,Francis Ford Coppola,Marlon Brando,Al Pacino,James Caan,Diane Keaton,1620367,"134,966,411"
The Dark Knight,2008,UA,152 min,"Action, Crime, Drama",9,84,Christopher Nolan,Christian Bale,Heath Ledger,Aaron Eckhart,Michael Caine,2303232,"534,858,444"
The Godfather: Part II,1974,A,202 min,"Crime, Drama",9,90,Francis Ford Coppola,Al Pacino,Robert De Niro,Robert Duvall,Diane Keaton,1129952,"57,300,000"
12 Angry Men,1957,U,96 min,"Crime, Drama",9,96,Sidney Lumet,Henry Fonda,Lee J. Cobb,Martin Balsam,John Fiedler,689845,"4,360,000"
The Lord of the Rings: The Return of the King,2003,U,201 min,"Action, Adventure, Drama",8.9,94,Peter Jackson,Elijah Wood,Viggo Mortensen,Ian McKellen,Orlando Bloom,1642758,"377,845,905"
Pulp Fiction,1994,A,154 min,"Crime, Drama",8.9,94,Quentin Tarantino,John Travolta,Uma Thurman,Samuel L. Jackson,Bruce Willis,1826188,"107,928,762"
Schindler's List,1993,A,195 min,"Biography, Drama, History",8.9,94,Steven Spielberg,Liam Neeson,Ralph Fiennes,Ben Kingsley,Caroline Goodall,1213505,"96,898,818"
Inception,2010,UA,148 min,"Action, Adventure, Sci-Fi",8.8,74,Christopher Nolan,Leonardo DiCaprio,Joseph Gordon-Levitt,Elliot Page,Ken Watanabe,2067042,"292,576,195"
Fight Club,1999,A,139 min,Drama,8.8,66,David Fincher,Brad Pitt,Edward Norton,Meat Loaf,Zach Grenier,1854740,"37,030,102"
The Lord of the Rings: The Fellowship of the Ring,2001,U,178 min,"Action, Adventure, Drama",8.8,92,Peter Jackson,Elijah Wood,Ian McKellen,Orlando Bloom,Sean Bean,1661481,"315,544,750"
Forrest Gump,1994,UA,142 min,"Drama, Romance",8.8,82,Robert Zemeckis,Tom Hanks,Robin Wright,Gary Sinise,Sally Field,1809221,"330,252,182"
"Il buono, il brutto, il cattivo",1966,A,161 min,Western,8.8,90,Sergio Leone,Clint Eastwood,Eli Wallach,Lee Van Cleef,Aldo Giuffre,688390,"6,100,000"
The Lord of the Rings: The Two Towers,2002,UA,179 min,"Action, Adventure, Drama",8.7,87,Peter Jackson,Elijah Wood,Ian McKellen,Viggo Mortensen,Orlando Bloom,1485555,"342,551,365"
The Matrix,1999,A,136 min,"Action, Sci-Fi",8.7,73,Lana Wachowski,Lilly Wachowski,Keanu Reeves,Laurence Fishburne,Carrie-Anne Moss,1676426,"171,479,930"
Goodfellas,1990,A,146 min,"Biography, Crime, Drama",8.7,90,Martin Scorsese,Robert De Niro,Ray Liotta,Joe Pesci,Lorraine Bracco,1020727,"46,836,394"
Star Wars: Episode V - The Empire Strikes Back,1980,UA,124 min,"Action, Adventure, Fantasy",8.7,82,Irvin Kershner,Mark Hamill,Harrison Ford,Carrie Fisher,Billy Dee Williams,1159315,"290,475,067"
One Flew Over the Cuckoo's Nest,1975,A,133 min,Drama,8.7,83,Milos Forman,Jack Nicholson,Louise Fletcher,Michael Berryman,Peter Brocco,918088,"112,000,000"
Hamilton,2020,PG-13,160 min,"Biography, Drama, History",8.6,90,Thomas Kail,Lin-Manuel Miranda,Phillipa Soo,Leslie Odom Jr.,Renee Elise Goldsberry,55291,
Gisaengchung,2019,A,132 min,"Comedy, Drama, Thriller",8.6,96,Bong Joon Ho,Kang-ho Song,Lee Sun-kyun,Cho Yeo-jeong,Choi Woo-sik,552778,"53,367,844"
Soorarai Pottru,2020,U,153 min,Drama,8.6,,Sudha Kongara,Suriya,Madhavan,Paresh Rawal,Aparna Balamurali,54995,
Interstellar,2014,UA,169 min,"Adventure, Drama, Sci-Fi",8.6,74,Christopher Nolan,Matthew McConaughey,Anne Hathaway,Jessica Chastain,Mackenzie Foy,1512360,"188,020,017"
Cidade de Deus,2002,A,130 min,"Crime, Drama",8.6,79,Fernando Meirelles,Katia Lund,Alexandre Rodrigues,Leandro Firmino,Matheus Nachtergaele,699256,"7,563,397"
Sen to Chihiro no kamikakushi,2001,U,125 min,"Animation, Adventure, Family",8.6,96,Hayao Miyazaki,Daveigh Chase,Suzanne Pleshette,Miyu Irino,Rumi Hiiragi,651376,"10,055,859"
Saving Private Ryan,1998,R,169 min,"Drama, War",8.6,91,Steven Spielberg,Tom Hanks,Matt Damon,Tom Sizemore,Edward Burns,1235804,"216,540,909"
The Green Mile,1999,A,189 min,"Crime, Drama, Fantasy",8.6,61,Frank Darabont,Tom Hanks,Michael Clarke Duncan,David Morse,Bonnie Hunt,1147794,"136,801,374"
La vita e bella,1997,U,116 min,"Comedy, Drama, Romance",8.6,59,Roberto Benigni,Roberto Benigni,Nicoletta Braschi,Giorgio Cantarini,Giustino Durano,623629,"57,598,247"
Se7en,1995,A,127 min,"Crime, Drama, Mystery",8.6,65,David Fincher,Morgan Freeman,Brad Pitt,Kevin Spacey,Andrew Kevin Walker,1445096,"100,125,643"
The Silence of the Lambs,1991,A,118 min,"Crime, Drama, Thriller",8.6,85,Jonathan Demme,Jodie Foster,Anthony Hopkins,Lawrence A. Bonney,Kasi Lemmons,1270197,"130,742,922"
Star Wars,1977,UA,121 min,"Action, Adventure, Fantasy",8.6,90,George Lucas,Mark Hamill,Harrison Ford,Carrie Fisher,Alec Guinness,1231473,"322,740,140"
Seppuku,1962,,133 min,"Action, Drama, Mystery",8.6,85,Masaki Kobayashi,Tatsuya Nakadai,Akira Ishihama,Shima Iwashita,Tetsuro Tanba,42004,
Shichinin no samurai,1954,U,207 min,"Action, Adventure, Drama",8.6,98,Akira Kurosawa,Toshiro Mifune,Takashi Shimura,Keiko Tsushima,Yukiko Shimazaki,315744,"269,061"
It's a Wonderful Life,1946,PG,130 min,"Drama, Family, Fantasy",8.6,89,Frank Capra,James Stewart,Donna Reed,Lionel Barrymore,Thomas Mitchell,405801,
Joker,2019,A,122 min,"Crime, Drama, Thriller",8.5,59,Todd Phillips,Joaquin Phoenix,Robert De Niro,Zazie Beetz,Frances Conroy,939252,"335,451,311"
Whiplash,2014,A,106 min,"Drama, Music",8.5,88,Damien Chazelle,Miles Teller,J.K. Simmons,Melissa Benoist,Paul Reiser,717585,"13,092,000"
The Intouchables,2011,UA,112 min,"Biography, Comedy, Drama",8.5,57,Olivier Nakache,Eric Toledano,Francois Cluzet,Omar Sy,Anne Le Ny,760360,"13,182,281"
The Prestige,2006,U,130 min,"Drama, Mystery, Sci-Fi",8.5,66,Christopher Nolan,Christian Bale,Hugh Jackman,Scarlett Johansson,Michael Caine,1190259,"53,089,891"
The Departed,2006,A,151 min,"Crime, Drama, Thriller",8.5,85,Martin Scorsese,Leonardo DiCaprio,Matt Damon,Jack Nicholson,Mark Wahlberg,1189773,"132,384,315"
The Pianist,2002,R,150 min,"Biography, Drama, Music",8.5,85,Roman Polanski,Adrien Brody,Thomas Kretschmann,Frank Finlay,Emilia Fox,729603,"32,572,577"
Gladiator,2000,UA,155 min,"Action, Adventure, Drama",8.5,67,Ridley Scott,Russell Crowe,Joaquin Phoenix,Connie Nielsen,Oliver Reed,1341460,"187,705,427"
American History X,1998,R,119 min,Drama,8.5,62,Tony Kaye,Edward Norton,Edward Furlong,Beverly D'Angelo,Jennifer Lien,1034705,"6,719,864"
The Usual Suspects,1995,A,106 min,"Crime, Mystery, Thriller",8.5,77,Bryan Singer,Kevin Spacey,Gabriel Byrne,Chazz Palminteri,Stephen Baldwin,991208,"23,341,568"
Leon,1994,A,110 min,"Action, Crime, Drama",8.5,64,Luc Besson,Jean Reno,Gary Oldman,Natalie Portman,Danny Aiello,1035236,"19,501,238"
The Lion King,1994,U,88 min,"Animation, Adventure, Drama",8.5,88,Roger Allers,Rob Minkoff,Matthew Broderick,Jeremy Irons,James Earl Jones,942045,"422,783,777"
Terminator 2: Judgment Day,1991,U,137 min,"Action, Sci-Fi",8.5,75,James Cameron,Arnold Schwarzenegger,Linda Hamilton,Edward Furlong,Robert Patrick,995506,"204,843,350"
Nuovo Cinema Paradiso,1988,U,155 min,"Drama, Romance",8.5,80,Giuseppe Tornatore,Philippe Noiret,Enzo Cannavale,Antonella Attili,Isa Danieli,230763,"11,990,401"
Hotaru no haka,1988,U,89 min,"Animation, Drama, War",8.5,94,Isao Takahata,Tsutomu Tatsumi,Ayano Shiraishi,Akemi Yamaguchi,Yoshiko Shinohara,235231,
Back to the Future,1985,U,116 min,"Adventure, Comedy, Sci-Fi",8.5,87,Robert Zemeckis,Michael J. Fox,Christopher Lloyd,Lea Thompson,Crispin Glover,1058081,"210,609,762"
Once Upon a Time in the West,1968,U,165 min,Western,8.5,80,Sergio Leone,Henry Fonda,Charles Bronson,Claudia Cardinale,Jason Robards,302844,"5,321,508"
